<?xml version='1.0' encoding='utf-8' standalone='yes' ?>
<map>
    <string name="prev_event_name">subscription_screen_viewed</string>
    <long name="prev_event_timestamp" value="1757395718385" />
    <int name="appsFlyerInAppEventCount" value="11" />
    <long name="prev_session_dur" value="4" />
    <boolean name="ddl_sent" value="true" />
    <long name="af_rc_max_age" value="86400" />
    <string name="sentSuccessfully">true</string>
    <int name="versionCode" value="50005" />
    <string name="af_remote_config">eyJmZWF0dXJlcyI6e30sInZlciI6ImRlZmF1bHQudjEuMTYzNzE0OTUyOSJ9</string>
    <string name="savedProperties">{&quot;uid&quot;:&quot;1757395656010-9201208921560571270&quot;,&quot;waitForCustomerId&quot;:&quot;false&quot;,&quot;logLevel&quot;:&quot;0&quot;,&quot;AppUserId&quot;:&quot;225783516&quot;}</string>
    <string name="AF_INSTALLATION">1757395656010-9201208921560571270</string>
    <boolean name="afUninstallToken_queued" value="false" />
    <int name="appsFlyerCount" value="5" />
    <long name="af_rc_timestamp" value="1757395656569" />
    <long name="AppsFlyerTimePassedSincePrevLaunch" value="1757395704574" />
    <boolean name="newGPReferrerSent" value="true" />
    <string name="appsFlyerFirstInstall">2025-09-09_105736+0530</string>
    <string name="attributionId">{&quot;install_time&quot;:&quot;2025-09-09 05:27:40.612&quot;,&quot;af_message&quot;:&quot;organic install&quot;,&quot;af_status&quot;:&quot;Organic&quot;,&quot;is_first_launch&quot;:false}</string>
</map>
