<?xml version='1.0' encoding='utf-8' standalone='yes' ?>
<map>
    <string name="prev_event_name">main_activity_on_create</string>
    <long name="prev_event_timestamp" value="1757056880251" />
    <int name="appsFlyerInAppEventCount" value="16" />
    <long name="prev_session_dur" value="3" />
    <boolean name="ddl_sent" value="true" />
    <long name="af_rc_max_age" value="86400" />
    <string name="sentSuccessfully">true</string>
    <string name="af_remote_config">eyJmZWF0dXJlcyI6e30sInZlciI6ImRlZmF1bHQudjEuMTYzNzE0OTUyOSJ9</string>
    <int name="versionCode" value="5030904" />
    <string name="savedProperties">{&quot;uid&quot;:&quot;1757056661241-8305234081185048461&quot;,&quot;waitForCustomerId&quot;:&quot;false&quot;,&quot;logLevel&quot;:&quot;0&quot;,&quot;AppUserId&quot;:&quot;235225120&quot;}</string>
    <string name="AF_INSTALLATION">1757056661241-8305234081185048461</string>
    <boolean name="afUninstallToken_queued" value="false" />
    <int name="appsFlyerCount" value="7" />
    <long name="af_rc_timestamp" value="1757056661699" />
    <long name="AppsFlyerTimePassedSincePrevLaunch" value="1757056876211" />
    <boolean name="newGPReferrerSent" value="true" />
    <string name="appsFlyerFirstInstall"></string>
    <string name="attributionId">{&quot;install_time&quot;:&quot;2025-09-05 07:17:46.940&quot;,&quot;af_message&quot;:&quot;organic install&quot;,&quot;af_status&quot;:&quot;Organic&quot;,&quot;is_first_launch&quot;:false}</string>
</map>
