<?xml version='1.0' encoding='utf-8' standalone='yes' ?>
<map>
    <long name="com.facebook.appevents.SessionInfo.sessionStartTime" value="1757056802704" />
    <long name="com.facebook.appevents.SessionInfo.sessionEndTime" value="1757056882864" />
    <boolean name="bg_startup_tracing" value="false" />
    <int name="com.facebook.appevents.SessionInfo.interruptionCount" value="6" />
    <int name="com.encdata.missl.classes.originalInstallVersionCode" value="5030904" />
    <long name="com.encdata.missl.classes.cloneTimestamp" value="1753010581263" />
    <string name="com.facebook.appevents.SessionInfo.sessionId">da2a9b2a-206c-4a8b-8032-d5bec7b45937</string>
</map>
