<?xml version='1.0' encoding='utf-8' standalone='yes' ?>
<map>
    <long name="fire-count" value="1" />
    <string name="last-used-date">2025-09-05</string>
    <long name="fire-global" value="1757056836231" />
    <set name="fire-perf/20.4.0 kotlin/2.0.21 fire-analytics/21.3.0 device-brand/Infinix android-min-sdk/23 fire-fcm/23.2.0 fire-core-ktx/unspecified fire-sessions/1.0.0 fire-abt/21.1.1 device-name/X675-GL fire-core/20.3.3 android-installer/com.android.vending fire-android/30 fire-installations/17.1.3 device-model/Infinix-X675 android-platform/ fire-rc/21.4.1 fire-dl/21.1.0 fire-auth/22.1.0 android-target-sdk/27 fire-transport/18.1.8 fire-cls/18.4.0">
        <string>2025-09-05</string>
    </set>
</map>
