{"Fid":"eVqyUbGVTA6BfAxrEFci-t","Status":3,"AuthToken":"eyJhbGciOiJFUzI1NiIsInR5cCI6IkpXVCJ9.eyJhcHBJZCI6IjE6ODUwMjIwMDM3MDgxOmFuZHJvaWQ6YjgyMDdhYzQwNzViNWUxMTI3NWZjOCIsImV4cCI6MTc1NzY2MTQ1NCwiZmlkIjoiZVZxeVViR1ZUQTZCZkF4ckVGY2ktdCIsInByb2plY3ROdW1iZXIiOjg1MDIyMDAzNzA4MX0.AB2LPV8wRQIhAKen6kqPM57Fx14Eo8q-DFZsZDN2vcWvpEk55m9YqiyLAiBz30HGupIj2D7nLAI2TboGMXFCYu3pjQO88rXEZ--k6g","RefreshToken":"3_AS3qfwLzIqQl-WXdgGrpsqfeeZoUxuBus_pjd73vO7AwpKkIb0HRAPkU-PJP7KBMSk0NGXh8UOv_Rj3IRkymQGWzyAieAwj9zOUya5kjVH8KDA","TokenCreationEpochInSecs":1757056653,"ExpiresInSecs":604800}